{
  "train_rows": 80034,
  "test_rows": 20009,
  "bookings_test_rows": 13030,
  "winner_accuracy": 0.5011244939777101,
  "winner_log_loss": 1.0073254847046653,
  "winner_accuracy_blended": 0.5031235943825279,
  "winner_log_loss_blended": 1.0047199998744505,
  "over_under_accuracy": 0.5679444250087461,
  "over_under_accuracy_blended": 0.5717427157778999,
  "over_under_log_loss_blended": 0.6769195404490163,
  "over_under_roc_auc": 0.597509918016158,
  "bookings_mae": 1.6826817248946941,
  "bookings_rmse": 2.1072226900911986,
  "correct_score_exact_accuracy": 0.1328901994102654,
  "correct_score_top3_accuracy": 0.3447948423209556,
  "winner_blend_alpha": 0.2,
  "ou_blend_alpha": 0.0
}