{
  "train_rows": 79203,
  "test_rows": 19801,
  "bookings_test_rows": 12959,
  "winner_accuracy": 0.5001767587495581,
  "winner_log_loss": 1.0065275008903243,
  "winner_accuracy_ensemble": 0.5022978637442553,
  "hgb_lr_blend_weight": 0.4,
  "winner_accuracy_blended": 0.5032069087419827,
  "winner_log_loss_blended": 1.0046271024754643,
  "over_under_accuracy": 0.56562799858593,
  "over_under_accuracy_blended": 0.5714862885712843,
  "over_under_log_loss_blended": 0.6769505015815678,
  "over_under_roc_auc": 0.5923940880203898,
  "bookings_mae": 1.6651030696970868,
  "bookings_rmse": 2.0965117857029383,
  "correct_score_exact_accuracy": 0.13125599717186,
  "correct_score_top3_accuracy": 0.34478056663804857,
  "winner_blend_alpha": 0.45,
  "ou_blend_alpha": 0.0
}